<?xml version="1.0" encoding="UTF-8"?>
<project xmlns="http://maven.apache.org/POM/4.0.0" xmlns:xsi="http://www.w3.org/2001/XMLSchema-instance" xsi:schemaLocation="http://maven.apache.org/POM/4.0.0 http://maven.apache.org/maven-v4_0_0.xsd">
  <modelVersion>4.0.0</modelVersion>
  <groupId>com.arqonara</groupId>
  <artifactId>ArqoBackpack</artifactId>
  <version>1.0.0</version>
  <build>
    <finalName>ArqoBackpack</finalName>
    <plugins>
      <plugin>
        <artifactId>maven-compiler-plugin</artifactId>
        <version>3.11.0</version>
        <configuration>
          <source>21</source>
          <target>21</target>
        </configuration>
      </plugin>
      <plugin>
        <artifactId>maven-shade-plugin</artifactId>
        <version>3.5.0</version>
        <executions>
          <execution>
            <phase>package</phase>
            <goals>
              <goal>shade</goal>
            </goals>
            <configuration>
              <transformers>
                <transformer />
                <transformer>
                  <mainClass>com.arqonara.backpack.ArqoBackpack</mainClass>
                </transformer>
              </transformers>
              <relocations>
                <relocation>
                  <pattern>com.zaxxer.hikari</pattern>
                  <shadedPattern>com.arqonara.backpack.libs.hikari</shadedPattern>
                </relocation>
                <relocation>
                  <pattern>org.sqlite</pattern>
                  <shadedPattern>com.arqonara.backpack.libs.sqlite</shadedPattern>
                </relocation>
                <relocation>
                  <pattern>com.mysql</pattern>
                  <shadedPattern>com.arqonara.backpack.libs.mysql</shadedPattern>
                </relocation>
              </relocations>
            </configuration>
          </execution>
        </executions>
      </plugin>
    </plugins>
  </build>
  <repositories>
    <repository>
      <id>papermc</id>
      <url>https://repo.papermc.io/repository/maven-public/</url>
    </repository>
  </repositories>
  <dependencies>
    <dependency>
      <groupId>io.papermc.paper</groupId>
      <artifactId>paper-api</artifactId>
      <version>1.20.1-R0.1-SNAPSHOT</version>
      <scope>provided</scope>
    </dependency>
  </dependencies>
  <properties>
    <java.version>21</java.version>
    <project.build.sourceEncoding>UTF-8</project.build.sourceEncoding>
  </properties>
</project>
